elapsed_s,robot_x,robot_y,robot_theta,human_x,human_y,human_theta,distance,alpha_deg,alpha_rad,dist_error,r_d,r_alpha,reward,action
0.451,1.0,0.0,0.0,0.0,0.0,0.0,1.0,0.0,0.0,0.5,0.5,1.0,1.5,fast_straight
0.75,1.0,0.0,0.0,0.0,0.0,0.0,1.0,0.0,0.0,0.5,0.5,1.0,1.5,fast_straight
1.462,1.0,0.0,0.0,0.0,0.0,0.0,1.0,0.0,0.0,0.5,0.5,1.0,1.5,fast_straight
1.749,1.0,0.0,0.0,0.0,0.0,0.0,1.0,0.0,0.0,0.5,0.5,1.0,1.5,fast_straight
1.95,1.0,0.0,0.0,0.0,0.0,0.0,1.0,0.0,0.0,0.5,0.5,1.0,1.5,fast_straight
2.252,1.0056,0.0,0.0,0.0,0.0,0.0,1.0056,0.0,0.0,0.4944,0.5056,1.0,1.5056,fast_straight
2.556,1.0506,0.0,0.0,0.0402,0.0,0.0,1.0104,0.0,0.0,0.4896,0.5104,1.0,1.5104,fast_straight
2.85,1.1406,0.0,0.0,0.16,0.0,0.0,0.9806,0.0,0.0,0.5194,0.4806,1.0,1.4806,fast_straight
3.05,1.2256,0.0,0.0,0.2401,0.0,0.0,0.9855,0.0,0.0,0.5145,0.4855,1.0,1.4855,fast_straight
3.35,1.39,0.0,0.0,0.3601,0.0,0.0,1.0299,0.0,0.0,0.4701,0.5299,1.0,1.5299,fast_straight
3.55,1.51,0.0,0.0,0.4401,0.0,0.0,1.0699,0.0,0.0,0.4301,0.5699,1.0,1.5699,fast_straight
3.856,1.69,0.0,0.0,0.5602,0.0,0.0,1.1298,0.0,0.0,0.3702,0.6298,1.0,1.6298,fast_straight
4.155,1.87,0.0,0.0,0.6803,0.0,0.0,1.1897,0.0,0.0,0.3103,0.6897,1.0,1.6897,fast_straight
4.456,2.05,0.0,0.0,0.8001,0.0,0.0,1.2499,0.0,0.0,0.2501,0.7499,1.0,1.7499,fast_straight
4.762,2.23,0.0,0.0,0.9202,0.0,0.0,1.3098,0.0,0.0,0.1902,0.8098,1.0,1.8098,fast_straight
5.06,2.41,0.0,0.0,1.0402,0.0,0.0,1.3698,0.0,0.0,0.1302,0.8698,1.0,1.8698,fast_straight
5.361,2.59,0.0,0.0,1.1602,0.0,0.0,1.4298,0.0,0.0,0.0702,0.9298,1.0,1.9298,straight
5.651,2.7658,0.0,0.0,1.2801,0.0,0.0,1.4857,0.0,0.0,0.0143,0.9857,1.0,1.9857,straight
5.852,2.867,0.0,0.0,1.3602,0.0,0.0,1.5068,0.0,0.0,0.0068,0.9932,1.0,1.9932,straight
6.162,3.017,0.0,0.0,1.4803,0.0,0.0,1.5367,0.0,0.0,0.0367,0.9633,1.0,1.9633,straight
6.453,3.167,0.0,0.0,1.6001,0.0,0.0,1.5669,0.0,0.0,0.0669,0.9331,1.0,1.9331,straight
6.751,3.317,0.0,0.0,1.7201,0.0,0.0,1.5969,0.0,0.0,0.0969,0.9031,1.0,1.9031,straight
7.063,3.467,0.0,0.0,1.8403,0.0,0.0,1.6267,0.0,0.0,0.1267,0.8733,1.0,1.8733,straight
7.36,3.617,0.0,0.0,1.9602,0.0,0.0,1.6568,0.0,0.0,0.1568,0.8432,1.0,1.8432,straight
7.665,3.767,0.0,0.0,1.9197,0.0,3.1416,1.8473,180.0,3.1416,0.3473,0.6527,-1.0,-0.3473,right
7.96,3.9128,-0.0001,-0.0042,1.7998,0.0,3.1416,2.113,179.997,3.1415,0.613,0.4717,-1.0,-0.5283,right
8.262,4.025,-0.0026,-0.0462,1.6798,0.0,3.1416,2.3452,179.937,3.1405,0.8452,0.4137,-1.0,-0.5863,right
8.561,4.1295,-0.0119,-0.1332,1.5596,0.0,3.1416,2.5699,179.735,3.137,1.0699,0.3575,-1.0,-0.6425,fast_right
8.926,4.2364,-0.0338,-0.265,1.4398,0.0,3.1416,2.7969,179.309,3.1295,1.2969,0.3008,-1.0,-0.6992,right
9.081,4.2364,-0.0338,-0.265,1.4,0.0,3.1416,2.8367,179.318,3.1297,1.3367,0.2908,-1.0,-0.7092,right
9.362,4.4173,-0.108,-0.515,1.2397,0.0,3.1416,3.1794,178.053,3.1076,1.6794,0.2052,-1.0,-0.7948,right
9.651,4.5041,-0.1668,-0.665,1.1199,0.0,3.1416,3.3883,177.178,3.0923,1.8883,0.1529,-1.0,-0.8471,fast_right
9.851,4.5572,-0.2134,-0.765,1.0399,0.0,3.1416,3.5237,176.528,3.081,2.0237,0.1191,-1.0,-0.8809,fast_right
10.061,4.613,-0.2734,-0.865,0.9597,0.0,3.1416,3.6635,175.721,3.0669,2.1635,0.0841,-1.0,-0.9159,right
10.362,4.6845,-0.3719,-1.015,0.8397,0.0,3.1416,3.8627,174.476,3.0452,2.3627,0.0343,-1.0,-0.9657,right
10.562,4.7181,-0.4332,-1.115,0.7597,0.0,3.1416,3.982,173.754,3.0326,2.482,0.0045,-1.0,-0.9955,fast_right
10.863,4.7579,-0.5348,-1.265,0.6398,0.0,3.1416,4.1527,172.601,3.0124,2.6527,0.0,-1.0,-1.0,right
11.162,4.7854,-0.6534,-1.415,0.5197,0.0,3.1416,4.3154,171.292,2.9896,2.8154,0.0,-1.0,-1.0,fast_right
11.452,4.7934,-0.7622,-1.565,0.3999,0.0,3.1416,4.4591,170.159,2.9698,2.9591,0.0,-1.0,-1.0,fast_right
11.661,4.7893,-0.846,-1.665,0.3198,0.0,3.1416,4.5489,169.281,2.9545,3.0489,0.0,-1.0,-1.0,fast_right
11.954,4.7675,-0.97,-1.815,0.1999,0.0,3.1416,4.6694,168.01,2.9323,3.1694,0.0,-1.0,-1.0,fast_right
12.261,4.7274,-1.0893,-1.965,0.0797,0.0,3.1416,4.7736,166.809,2.9114,3.2736,0.0,-1.0,-1.0,fast_right
12.553,4.6699,-1.2013,-2.115,0.0401,0.0,0.0,4.7831,14.546,0.2539,3.2831,0.0,0.4182,0.4182,fast_right
12.761,4.6225,-1.2707,-2.215,0.1203,0.0,0.0,4.6781,15.76,0.2751,3.1781,0.0,0.3696,0.3696,right
13.06,4.5421,-1.3619,-2.365,0.2402,0.0,0.0,4.5123,17.567,0.3066,3.0123,0.0,0.2973,0.2973,fast_right
13.362,4.4583,-1.4318,-2.515,0.3603,0.0,0.0,4.3409,19.259,0.3361,2.8409,0.0,0.2297,0.2297,right
13.662,4.3544,-1.4952,-2.665,0.4803,0.0,0.0,4.1526,21.104,0.3683,2.6526,0.0,0.1558,0.1558,fast_right
13.959,4.2537,-1.5372,-2.815,0.6002,0.0,0.0,3.9637,22.818,0.3983,2.4637,0.0091,0.0873,0.0964,right
14.263,4.1371,-1.5668,-2.965,0.7204,0.0,0.0,3.7589,24.634,0.4299,2.2589,0.0603,0.0146,0.0749,right
14.561,4.0327,-1.5769,-3.115,0.8403,0.0,0.0,3.5607,26.287,0.4588,2.0607,0.1098,-0.0515,0.0584,straight
14.859,3.9238,-1.5709,3.0224,0.9602,0.0,0.0,3.3542,27.927,0.4874,1.8542,0.1614,-0.1171,0.0444,fast_right
15.161,3.7903,-1.5463,2.9032,1.0803,0.0,0.0,3.1201,29.708,0.5185,1.6201,0.22,-0.1883,0.0316,right
15.461,3.6745,-1.5088,2.7574,1.2003,0.0,0.0,2.898,31.375,0.5476,1.398,0.2755,-0.255,0.0205,fast_right
15.751,3.5771,-1.4598,2.6074,1.32,0.0,0.0,2.688,32.894,0.5741,1.188,0.328,-0.3157,0.0123,fast_right
15.951,3.5073,-1.4131,2.5074,1.4001,0.0,0.0,2.5372,33.846,0.5907,1.0372,0.3657,-0.3539,0.0119,fast_right
16.351,3.4121,-1.3307,2.3574,1.5202,0.0,0.0,2.313,35.12,0.613,0.813,0.4217,-0.4048,0.0169,fast_right
16.507,3.4121,-1.3307,2.3574,1.56,0.0,0.0,2.2806,35.696,0.623,0.7806,0.4299,-0.4278,0.002,fast_right
16.751,3.2843,-1.1648,2.1074,1.7201,0.0,0.0,1.9502,36.673,0.6401,0.4502,0.5498,-0.4669,0.0829,fast_right
16.961,3.2454,-1.0903,2.0074,1.8002,0.0,0.0,1.8103,37.034,0.6464,0.3103,0.6897,-0.4814,0.2083,fast_right
17.264,3.2015,-0.9724,1.8574,1.9203,0.0,0.0,1.6084,37.197,0.6492,0.1084,0.8916,-0.4879,0.4037,fast_right
17.561,3.1756,-0.8492,1.7074,1.9597,0.0,3.1416,1.4831,145.07,2.5319,0.0169,0.9831,-1.0,-0.0169,fast_right
17.86,3.1685,-0.7235,1.5574,1.8398,0.0,3.1416,1.5129,151.431,2.643,0.0129,0.9871,-1.0,-0.0129,fast_left
18.162,3.1802,-0.5981,1.4116,1.7197,0.0,3.1416,1.5782,157.728,2.7529,0.0782,0.9218,-1.0,-0.0782,left
18.461,3.2066,-0.4793,1.3036,1.5997,0.0,3.1416,1.6769,163.391,2.8517,0.1769,0.8231,-1.0,-0.1769,fast_left
18.762,3.2395,-0.3752,1.2406,1.4798,0.0,3.1416,1.7993,167.964,2.9315,0.2993,0.7007,-1.0,-0.2993,left
18.961,3.2675,-0.2962,1.2236,1.3998,0.0,3.1416,1.8911,170.988,2.9843,0.3911,0.6089,-1.0,-0.3911,left
19.262,3.304,-0.1946,1.2356,1.2797,0.0,3.1416,2.0336,174.51,3.0458,0.5336,0.4916,-1.0,-0.5084,left
19.564,3.3359,-0.0945,1.2926,1.1597,0.0,3.1416,2.1782,177.512,3.0982,0.6782,0.4554,-1.0,-0.5446,left
19.859,3.3596,0.0077,1.3946,1.0398,0.0,3.1416,2.3198,179.81,3.1383,0.8198,0.42,-1.0,-0.58,left
20.06,3.3684,0.0771,1.4874,0.9598,0.0,3.1416,2.4099,178.166,3.1096,0.9099,0.3975,-1.0,-0.6025,left
20.363,3.3688,0.182,1.6374,0.8396,0.0,3.1416,2.5357,175.884,3.0697,1.0357,0.3661,-1.0,-0.6339,left
20.652,3.3534,0.2858,1.7874,0.7199,0.0,3.1416,2.649,173.806,3.0335,1.149,0.3378,-1.0,-0.6622,left
20.951,3.3228,0.3861,1.9374,0.6,0.0,3.1416,2.7501,171.929,3.0007,1.2501,0.3125,-1.0,-0.6875,left
21.255,3.2775,0.4807,2.0874,0.4799,0.0,3.1416,2.8386,170.25,2.9714,1.3386,0.2904,-1.0,-0.7096,left
21.562,3.2185,0.5675,2.2374,0.3597,0.0,3.1416,2.9146,168.772,2.9456,1.4146,0.2714,-1.0,-0.7286,fast_left
21.861,3.1443,0.6474,2.3874,0.2398,0.0,3.1416,2.9758,167.434,2.9223,1.4758,0.2561,-1.0,-0.7439,fast_left
22.161,3.0459,0.726,2.5374,0.1198,0.0,3.1416,3.0149,166.065,2.8984,1.5149,0.2463,-1.0,-0.7537,fast_left
22.452,2.937,0.789,2.6874,0.0001,0.0,0.0,3.041,15.038,0.2625,1.541,0.2397,0.3985,0.6382,left
22.753,2.8251,0.8333,2.8374,0.1201,0.0,0.0,2.8305,17.121,0.2988,1.3305,0.2924,0.3152,0.6075,left
23.061,2.7228,0.8566,2.9874,0.2404,0.0,0.0,2.6261,19.037,0.3323,1.1261,0.3435,0.2385,0.582,fast_left
23.364,2.614,0.8645,3.1374,0.3603,0.0,0.0,2.4138,20.985,0.3663,0.9138,0.3965,0.1606,0.5571,fast_left
23.66,2.4885,0.8549,-2.9958,0.4802,0.0,0.0,2.1827,23.06,0.4025,0.6827,0.4543,0.0776,0.532,fast_left
23.962,2.3658,0.8267,-2.8458,0.6003,0.0,0.0,1.9495,25.092,0.4379,0.4495,0.5505,-0.0037,0.5468,fast_left
24.261,2.2487,0.7805,-2.6958,0.7203,0.0,0.0,1.7162,27.053,0.4722,0.2162,0.7838,-0.0821,0.7017,fast_left
24.646,2.1398,0.7174,-2.5458,0.8403,0.0,0.0,1.4844,28.899,0.5044,0.0156,0.9844,-0.1559,0.8285,fast_left
24.802,2.1398,0.7174,-2.5458,0.88,0.0,0.0,1.4497,29.659,0.5176,0.0503,0.9497,-0.1863,0.7634,left
25.055,1.9845,0.5798,-2.2958,1.0401,0.0,0.0,1.1082,31.549,0.5506,0.3918,0.6082,-0.2619,0.3462,left
25.361,1.921,0.4955,-2.1458,1.1605,0.0,0.0,0.9077,33.087,0.5775,0.5923,0.4077,-0.3235,0.0842,straight
